phrase,cluster,phrase_ts_graph_url
Christmas,5,https://iterateai.github.io/Data-Science/Chanel-H3/Reddit/MakeupAddiction/cluster/detail/Christmas.html
summer,5,https://iterateai.github.io/Data-Science/Chanel-H3/Reddit/MakeupAddiction/cluster/detail/summer.html
tinted moisturizer,5,https://iterateai.github.io/Data-Science/Chanel-H3/Reddit/MakeupAddiction/cluster/detail/tinted%20moisturizer.html
Lime Crime,5,https://iterateai.github.io/Data-Science/Chanel-H3/Reddit/MakeupAddiction/cluster/detail/Lime%20Crime.html
flashback,5,https://iterateai.github.io/Data-Science/Chanel-H3/Reddit/MakeupAddiction/cluster/detail/flashback.html
Revlon Colorstay,5,https://iterateai.github.io/Data-Science/Chanel-H3/Reddit/MakeupAddiction/cluster/detail/Revlon%20Colorstay.html
dress,5,https://iterateai.github.io/Data-Science/Chanel-H3/Reddit/MakeupAddiction/cluster/detail/dress.html
Cosmetics,5,https://iterateai.github.io/Data-Science/Chanel-H3/Reddit/MakeupAddiction/cluster/detail/Cosmetics.html
gift card,5,https://iterateai.github.io/Data-Science/Chanel-H3/Reddit/MakeupAddiction/cluster/detail/gift%20card.html
sales,5,https://iterateai.github.io/Data-Science/Chanel-H3/Reddit/MakeupAddiction/cluster/detail/sales.html
Charlotte Tilbury,5,https://iterateai.github.io/Data-Science/Chanel-H3/Reddit/MakeupAddiction/cluster/detail/Charlotte%20Tilbury.html
warm tones,5,https://iterateai.github.io/Data-Science/Chanel-H3/Reddit/MakeupAddiction/cluster/detail/warm%20tones.html
fall,5,https://iterateai.github.io/Data-Science/Chanel-H3/Reddit/MakeupAddiction/cluster/detail/fall.html
blending,5,https://iterateai.github.io/Data-Science/Chanel-H3/Reddit/MakeupAddiction/cluster/detail/blending.html
holidays,5,https://iterateai.github.io/Data-Science/Chanel-H3/Reddit/MakeupAddiction/cluster/detail/holidays.html
trip,5,https://iterateai.github.io/Data-Science/Chanel-H3/Reddit/MakeupAddiction/cluster/detail/trip.html
blues,5,https://iterateai.github.io/Data-Science/Chanel-H3/Reddit/MakeupAddiction/cluster/detail/blues.html
Milk,5,https://iterateai.github.io/Data-Science/Chanel-H3/Reddit/MakeupAddiction/cluster/detail/Milk.html
husband,5,https://iterateai.github.io/Data-Science/Chanel-H3/Reddit/MakeupAddiction/cluster/detail/husband.html
Jaclyn Hill,5,https://iterateai.github.io/Data-Science/Chanel-H3/Reddit/MakeupAddiction/cluster/detail/Jaclyn%20Hill.html
China,5,https://iterateai.github.io/Data-Science/Chanel-H3/Reddit/MakeupAddiction/cluster/detail/China.html
Beauty,5,https://iterateai.github.io/Data-Science/Chanel-H3/Reddit/MakeupAddiction/cluster/detail/Beauty.html
Naked Heat,5,https://iterateai.github.io/Data-Science/Chanel-H3/Reddit/MakeupAddiction/cluster/detail/Naked%20Heat.html
wedding day,5,https://iterateai.github.io/Data-Science/Chanel-H3/Reddit/MakeupAddiction/cluster/detail/wedding%20day.html
eBay,5,https://iterateai.github.io/Data-Science/Chanel-H3/Reddit/MakeupAddiction/cluster/detail/eBay.html
benefit,5,https://iterateai.github.io/Data-Science/Chanel-H3/Reddit/MakeupAddiction/cluster/detail/benefit.html
heat,5,https://iterateai.github.io/Data-Science/Chanel-H3/Reddit/MakeupAddiction/cluster/detail/heat.html
everyday makeup,5,https://iterateai.github.io/Data-Science/Chanel-H3/Reddit/MakeupAddiction/cluster/detail/everyday%20makeup.html
halo eye,5,https://iterateai.github.io/Data-Science/Chanel-H3/Reddit/MakeupAddiction/cluster/detail/halo%20eye.html
good primer,5,https://iterateai.github.io/Data-Science/Chanel-H3/Reddit/MakeupAddiction/cluster/detail/good%20primer.html
Jeffree,21,https://iterateai.github.io/Data-Science/Chanel-H3/Reddit/MakeupAddiction/cluster/detail/Jeffree.html
CCW,21,https://iterateai.github.io/Data-Science/Chanel-H3/Reddit/MakeupAddiction/cluster/detail/CCW.html
sleep,21,https://iterateai.github.io/Data-Science/Chanel-H3/Reddit/MakeupAddiction/cluster/detail/sleep.html
Subculture palette,21,https://iterateai.github.io/Data-Science/Chanel-H3/Reddit/MakeupAddiction/cluster/detail/Subculture%20palette.html
Worst,21,https://iterateai.github.io/Data-Science/Chanel-H3/Reddit/MakeupAddiction/cluster/detail/Worst.html
cushion,21,https://iterateai.github.io/Data-Science/Chanel-H3/Reddit/MakeupAddiction/cluster/detail/cushion.html
Tati,21,https://iterateai.github.io/Data-Science/Chanel-H3/Reddit/MakeupAddiction/cluster/detail/Tati.html
Valentine,21,https://iterateai.github.io/Data-Science/Chanel-H3/Reddit/MakeupAddiction/cluster/detail/Valentine.html
accessories,21,https://iterateai.github.io/Data-Science/Chanel-H3/Reddit/MakeupAddiction/cluster/detail/accessories.html
dislikes,21,https://iterateai.github.io/Data-Science/Chanel-H3/Reddit/MakeupAddiction/cluster/detail/dislikes.html
Value,21,https://iterateai.github.io/Data-Science/Chanel-H3/Reddit/MakeupAddiction/cluster/detail/Value.html
animal print,21,https://iterateai.github.io/Data-Science/Chanel-H3/Reddit/MakeupAddiction/cluster/detail/animal%20print.html
skin cancer,21,https://iterateai.github.io/Data-Science/Chanel-H3/Reddit/MakeupAddiction/cluster/detail/skin%20cancer.html
harassment,21,https://iterateai.github.io/Data-Science/Chanel-H3/Reddit/MakeupAddiction/cluster/detail/harassment.html
Today theme,21,https://iterateai.github.io/Data-Science/Chanel-H3/Reddit/MakeupAddiction/cluster/detail/Today%20theme.html
Light Sand,21,https://iterateai.github.io/Data-Science/Chanel-H3/Reddit/MakeupAddiction/cluster/detail/Light%20Sand.html
palm oil,21,https://iterateai.github.io/Data-Science/Chanel-H3/Reddit/MakeupAddiction/cluster/detail/palm%20oil.html
real,21,https://iterateai.github.io/Data-Science/Chanel-H3/Reddit/MakeupAddiction/cluster/detail/real.html
cushions,21,https://iterateai.github.io/Data-Science/Chanel-H3/Reddit/MakeupAddiction/cluster/detail/cushions.html
competitions,21,https://iterateai.github.io/Data-Science/Chanel-H3/Reddit/MakeupAddiction/cluster/detail/competitions.html
MAKEUP CHALLENGE,21,https://iterateai.github.io/Data-Science/Chanel-H3/Reddit/MakeupAddiction/cluster/detail/MAKEUP%20CHALLENGE.html
fair ivory,21,https://iterateai.github.io/Data-Science/Chanel-H3/Reddit/MakeupAddiction/cluster/detail/fair%20ivory.html
skincare beauty industry,21,https://iterateai.github.io/Data-Science/Chanel-H3/Reddit/MakeupAddiction/cluster/detail/skincare%20beauty%20industry.html
store credit,21,https://iterateai.github.io/Data-Science/Chanel-H3/Reddit/MakeupAddiction/cluster/detail/store%20credit.html
Rainforest,21,https://iterateai.github.io/Data-Science/Chanel-H3/Reddit/MakeupAddiction/cluster/detail/Rainforest.html
Lashify,21,https://iterateai.github.io/Data-Science/Chanel-H3/Reddit/MakeupAddiction/cluster/detail/Lashify.html
Lipstick-,21,https://iterateai.github.io/Data-Science/Chanel-H3/Reddit/MakeupAddiction/cluster/detail/Lipstick-.html
Cloud Paints,21,https://iterateai.github.io/Data-Science/Chanel-H3/Reddit/MakeupAddiction/cluster/detail/Cloud%20Paints.html
minoxidil,21,https://iterateai.github.io/Data-Science/Chanel-H3/Reddit/MakeupAddiction/cluster/detail/minoxidil.html
comments9qaqts bestworsteyeshadowsinglesBest,21,https://iterateai.github.io/Data-Science/Chanel-H3/Reddit/MakeupAddiction/cluster/detail/comments9qaqts%20bestworsteyeshadowsinglesBest.html
Daily Discussion,1,https://iterateai.github.io/Data-Science/Chanel-H3/Reddit/MakeupAddiction/cluster/detail/Daily%20Discussion.html
friends,1,https://iterateai.github.io/Data-Science/Chanel-H3/Reddit/MakeupAddiction/cluster/detail/friends.html
Simple Questions,1,https://iterateai.github.io/Data-Science/Chanel-H3/Reddit/MakeupAddiction/cluster/detail/Simple%20Questions.html
application,1,https://iterateai.github.io/Data-Science/Chanel-H3/Reddit/MakeupAddiction/cluster/detail/application.html
Discussions,1,https://iterateai.github.io/Data-Science/Chanel-H3/Reddit/MakeupAddiction/cluster/detail/Discussions.html
simple beginner questions,1,https://iterateai.github.io/Data-Science/Chanel-H3/Reddit/MakeupAddiction/cluster/detail/simple%20beginner%20questions.html
comments,1,https://iterateai.github.io/Data-Science/Chanel-H3/Reddit/MakeupAddiction/cluster/detail/comments.html
thread,1,https://iterateai.github.io/Data-Science/Chanel-H3/Reddit/MakeupAddiction/cluster/detail/thread.html
universe,1,https://iterateai.github.io/Data-Science/Chanel-H3/Reddit/MakeupAddiction/cluster/detail/universe.html
gift,1,https://iterateai.github.io/Data-Science/Chanel-H3/Reddit/MakeupAddiction/cluster/detail/gift.html
eye shape,1,https://iterateai.github.io/Data-Science/Chanel-H3/Reddit/MakeupAddiction/cluster/detail/eye%20shape.html
undertone,1,https://iterateai.github.io/Data-Science/Chanel-H3/Reddit/MakeupAddiction/cluster/detail/undertone.html
equal chance,1,https://iterateai.github.io/Data-Science/Chanel-H3/Reddit/MakeupAddiction/cluster/detail/equal%20chance.html
mode,1,https://iterateai.github.io/Data-Science/Chanel-H3/Reddit/MakeupAddiction/cluster/detail/mode.html
Tuesday,1,https://iterateai.github.io/Data-Science/Chanel-H3/Reddit/MakeupAddiction/cluster/detail/Tuesday.html
discussions,1,https://iterateai.github.io/Data-Science/Chanel-H3/Reddit/MakeupAddiction/cluster/detail/discussions.html
camera,1,https://iterateai.github.io/Data-Science/Chanel-H3/Reddit/MakeupAddiction/cluster/detail/camera.html
fake lashes,1,https://iterateai.github.io/Data-Science/Chanel-H3/Reddit/MakeupAddiction/cluster/detail/fake%20lashes.html
purpose,1,https://iterateai.github.io/Data-Science/Chanel-H3/Reddit/MakeupAddiction/cluster/detail/purpose.html
pandemic,1,https://iterateai.github.io/Data-Science/Chanel-H3/Reddit/MakeupAddiction/cluster/detail/pandemic.html
masks,1,https://iterateai.github.io/Data-Science/Chanel-H3/Reddit/MakeupAddiction/cluster/detail/masks.html
lights,1,https://iterateai.github.io/Data-Science/Chanel-H3/Reddit/MakeupAddiction/cluster/detail/lights.html
Free Discussion,1,https://iterateai.github.io/Data-Science/Chanel-H3/Reddit/MakeupAddiction/cluster/detail/Free%20Discussion.html
Milk Makeup,1,https://iterateai.github.io/Data-Science/Chanel-H3/Reddit/MakeupAddiction/cluster/detail/Milk%20Makeup.html
linking,1,https://iterateai.github.io/Data-Science/Chanel-H3/Reddit/MakeupAddiction/cluster/detail/linking.html
visual medium,1,https://iterateai.github.io/Data-Science/Chanel-H3/Reddit/MakeupAddiction/cluster/detail/visual%20medium.html
Monday Meet,1,https://iterateai.github.io/Data-Science/Chanel-H3/Reddit/MakeupAddiction/cluster/detail/Monday%20Meet.html
hyaluronic acid,1,https://iterateai.github.io/Data-Science/Chanel-H3/Reddit/MakeupAddiction/cluster/detail/hyaluronic%20acid.html
coastal scents,1,https://iterateai.github.io/Data-Science/Chanel-H3/Reddit/MakeupAddiction/cluster/detail/coastal%20scents.html
Sea foundation,1,https://iterateai.github.io/Data-Science/Chanel-H3/Reddit/MakeupAddiction/cluster/detail/Sea%20foundation.html
hair,25,https://iterateai.github.io/Data-Science/Chanel-H3/Reddit/MakeupAddiction/cluster/detail/hair.html
ideas,25,https://iterateai.github.io/Data-Science/Chanel-H3/Reddit/MakeupAddiction/cluster/detail/ideas.html
redness,25,https://iterateai.github.io/Data-Science/Chanel-H3/Reddit/MakeupAddiction/cluster/detail/redness.html
pores,25,https://iterateai.github.io/Data-Science/Chanel-H3/Reddit/MakeupAddiction/cluster/detail/pores.html
kind,25,https://iterateai.github.io/Data-Science/Chanel-H3/Reddit/MakeupAddiction/cluster/detail/kind.html
moisturizer,25,https://iterateai.github.io/Data-Science/Chanel-H3/Reddit/MakeupAddiction/cluster/detail/moisturizer.html
bronzer,25,https://iterateai.github.io/Data-Science/Chanel-H3/Reddit/MakeupAddiction/cluster/detail/bronzer.html
work,25,https://iterateai.github.io/Data-Science/Chanel-H3/Reddit/MakeupAddiction/cluster/detail/work.html
Makeup,25,https://iterateai.github.io/Data-Science/Chanel-H3/Reddit/MakeupAddiction/cluster/detail/Makeup.html
dark circles,25,https://iterateai.github.io/Data-Science/Chanel-H3/Reddit/MakeupAddiction/cluster/detail/dark%20circles.html
eye makeup,25,https://iterateai.github.io/Data-Science/Chanel-H3/Reddit/MakeupAddiction/cluster/detail/eye%20makeup.html
new foundation,25,https://iterateai.github.io/Data-Science/Chanel-H3/Reddit/MakeupAddiction/cluster/detail/new%20foundation.html
rest,25,https://iterateai.github.io/Data-Science/Chanel-H3/Reddit/MakeupAddiction/cluster/detail/rest.html
skincare,25,https://iterateai.github.io/Data-Science/Chanel-H3/Reddit/MakeupAddiction/cluster/detail/skincare.html
mirror,25,https://iterateai.github.io/Data-Science/Chanel-H3/Reddit/MakeupAddiction/cluster/detail/mirror.html
eyeshadow palette,25,https://iterateai.github.io/Data-Science/Chanel-H3/Reddit/MakeupAddiction/cluster/detail/eyeshadow%20palette.html
opinion,25,https://iterateai.github.io/Data-Science/Chanel-H3/Reddit/MakeupAddiction/cluster/detail/opinion.html
anybody,25,https://iterateai.github.io/Data-Science/Chanel-H3/Reddit/MakeupAddiction/cluster/detail/anybody.html
finish,25,https://iterateai.github.io/Data-Science/Chanel-H3/Reddit/MakeupAddiction/cluster/detail/finish.html
hooded eyes,25,https://iterateai.github.io/Data-Science/Chanel-H3/Reddit/MakeupAddiction/cluster/detail/hooded%20eyes.html
water,25,https://iterateai.github.io/Data-Science/Chanel-H3/Reddit/MakeupAddiction/cluster/detail/water.html
waterline,25,https://iterateai.github.io/Data-Science/Chanel-H3/Reddit/MakeupAddiction/cluster/detail/waterline.html
neck,25,https://iterateai.github.io/Data-Science/Chanel-H3/Reddit/MakeupAddiction/cluster/detail/neck.html
colours,25,https://iterateai.github.io/Data-Science/Chanel-H3/Reddit/MakeupAddiction/cluster/detail/colours.html
days,25,https://iterateai.github.io/Data-Science/Chanel-H3/Reddit/MakeupAddiction/cluster/detail/days.html
eyelids,25,https://iterateai.github.io/Data-Science/Chanel-H3/Reddit/MakeupAddiction/cluster/detail/eyelids.html
example,25,https://iterateai.github.io/Data-Science/Chanel-H3/Reddit/MakeupAddiction/cluster/detail/example.html
looks,25,https://iterateai.github.io/Data-Science/Chanel-H3/Reddit/MakeupAddiction/cluster/detail/looks.html
fingers,25,https://iterateai.github.io/Data-Science/Chanel-H3/Reddit/MakeupAddiction/cluster/detail/fingers.html
chin,25,https://iterateai.github.io/Data-Science/Chanel-H3/Reddit/MakeupAddiction/cluster/detail/chin.html
sunscreen,7,https://iterateai.github.io/Data-Science/Chanel-H3/Reddit/MakeupAddiction/cluster/detail/sunscreen.html
mask,7,https://iterateai.github.io/Data-Science/Chanel-H3/Reddit/MakeupAddiction/cluster/detail/mask.html
quarantine,7,https://iterateai.github.io/Data-Science/Chanel-H3/Reddit/MakeupAddiction/cluster/detail/quarantine.html
mods,7,https://iterateai.github.io/Data-Science/Chanel-H3/Reddit/MakeupAddiction/cluster/detail/mods.html
rule,7,https://iterateai.github.io/Data-Science/Chanel-H3/Reddit/MakeupAddiction/cluster/detail/rule.html
chest,7,https://iterateai.github.io/Data-Science/Chanel-H3/Reddit/MakeupAddiction/cluster/detail/chest.html
nars,7,https://iterateai.github.io/Data-Science/Chanel-H3/Reddit/MakeupAddiction/cluster/detail/nars.html
Soft Glam,7,https://iterateai.github.io/Data-Science/Chanel-H3/Reddit/MakeupAddiction/cluster/detail/Soft%20Glam.html
nails,7,https://iterateai.github.io/Data-Science/Chanel-H3/Reddit/MakeupAddiction/cluster/detail/nails.html
r MakeupAddiction,7,https://iterateai.github.io/Data-Science/Chanel-H3/Reddit/MakeupAddiction/cluster/detail/r%20MakeupAddiction.html
Norvina palette,7,https://iterateai.github.io/Data-Science/Chanel-H3/Reddit/MakeupAddiction/cluster/detail/Norvina%20palette.html
Natasha Denona,7,https://iterateai.github.io/Data-Science/Chanel-H3/Reddit/MakeupAddiction/cluster/detail/Natasha%20Denona.html
clients,7,https://iterateai.github.io/Data-Science/Chanel-H3/Reddit/MakeupAddiction/cluster/detail/clients.html
anxiety,7,https://iterateai.github.io/Data-Science/Chanel-H3/Reddit/MakeupAddiction/cluster/detail/anxiety.html
SPF,7,https://iterateai.github.io/Data-Science/Chanel-H3/Reddit/MakeupAddiction/cluster/detail/SPF.html
receipt,7,https://iterateai.github.io/Data-Science/Chanel-H3/Reddit/MakeupAddiction/cluster/detail/receipt.html
sponges,7,https://iterateai.github.io/Data-Science/Chanel-H3/Reddit/MakeupAddiction/cluster/detail/sponges.html
mica,7,https://iterateai.github.io/Data-Science/Chanel-H3/Reddit/MakeupAddiction/cluster/detail/mica.html
Sweet Peach,7,https://iterateai.github.io/Data-Science/Chanel-H3/Reddit/MakeupAddiction/cluster/detail/Sweet%20Peach.html
pink eye,7,https://iterateai.github.io/Data-Science/Chanel-H3/Reddit/MakeupAddiction/cluster/detail/pink%20eye.html
user,7,https://iterateai.github.io/Data-Science/Chanel-H3/Reddit/MakeupAddiction/cluster/detail/user.html
platinum,7,https://iterateai.github.io/Data-Science/Chanel-H3/Reddit/MakeupAddiction/cluster/detail/platinum.html
covid,7,https://iterateai.github.io/Data-Science/Chanel-H3/Reddit/MakeupAddiction/cluster/detail/covid.html
Lancome,7,https://iterateai.github.io/Data-Science/Chanel-H3/Reddit/MakeupAddiction/cluster/detail/Lancome.html
pallet,7,https://iterateai.github.io/Data-Science/Chanel-H3/Reddit/MakeupAddiction/cluster/detail/pallet.html
parents,7,https://iterateai.github.io/Data-Science/Chanel-H3/Reddit/MakeupAddiction/cluster/detail/parents.html
time poster,7,https://iterateai.github.io/Data-Science/Chanel-H3/Reddit/MakeupAddiction/cluster/detail/time%20poster.html
lash lift,7,https://iterateai.github.io/Data-Science/Chanel-H3/Reddit/MakeupAddiction/cluster/detail/lash%20lift.html
base makeup,7,https://iterateai.github.io/Data-Science/Chanel-H3/Reddit/MakeupAddiction/cluster/detail/base%20makeup.html
purse,7,https://iterateai.github.io/Data-Science/Chanel-H3/Reddit/MakeupAddiction/cluster/detail/purse.html
